jobs density,,,,,,,,,,,,,
LSOA Name,Borough,2010,2011,2012,2013,2014,2015,2016,2017,2018,2019,2020,2021
Darlington,E06000005,58000,53000,55000,54000,55000,57000,56000,54000,54000,55000,57000,58000
County Durham,E06000047,177000,186000,180000,189000,191000,199000,190000,201000,203000,206000,201000,209000
Hartlepool,E06000001,33000,32000,30000,32000,34000,34000,34000,34000,33000,35000,33000,36000
Middlesbrough,E06000002,66000,65000,66000,65000,66000,67000,66000,68000,67000,71000,66000,73000
Northumberland,E06000057,124000,122000,117000,121000,120000,125000,122000,130000,128000,132000,122000,126000
Redcar and Cleveland,E06000003,43000,42000,45000,46000,47000,47000,46000,44000,45000,44000,43000,45000
Stockton-on-Tees,E06000004,84000,89000,85000,88000,90000,93000,90000,93000,92000,95000,97000,93000
Gateshead,E08000037,96000,101000,97000,96000,101000,106000,105000,104000,104000,104000,98000,103000
Newcastle upon Tyne,E08000021,187000,190000,191000,190000,195000,199000,200000,205000,207000,211000,200000,207000
North Tyneside,E08000022,78000,77000,79000,77000,84000,89000,89000,93000,94000,94000,89000,92000
South Tyneside,E08000023,48000,48000,49000,50000,49000,52000,47000,49000,48000,48000,46000,49000
Sunderland,E08000024,119000,126000,127000,124000,129000,129000,128000,133000,130000,131000,131000,134000
Blackburn with Darwen,E06000008,66000,64000,67000,71000,72000,72000,76000,74000,79000,73000,76000,77000
Blackpool,E06000009,64000,64000,64000,64000,67000,67000,68000,68000,72000,74000,73000,75000
Cheshire East,E06000049,189000,192000,196000,201000,207000,217000,210000,214000,217000,222000,219000,222000
Cheshire West and Chester,E06000050,167000,168000,168000,173000,176000,185000,199000,204000,199000,201000,187000,191000
Halton,E06000006,56000,59000,61000,55000,60000,62000,65000,69000,70000,72000,70000,69000
Warrington,E06000007,125000,129000,129000,134000,135000,136000,154000,151000,149000,154000,153000,155000
Allerdale,E07000026,39000,44000,45000,43000,42000,43000,42000,43000,46000,47000,42000,42000
Barrow-in-Furness,E07000027,31000,31000,31000,32000,33000,35000,34000,33000,33000,33000,32000,30000
Carlisle,E07000028,62000,58000,67000,64000,66000,67000,66000,64000,65000,64000,66000,67000
Copeland,E07000029,33000,31000,33000,34000,34000,35000,37000,39000,38000,38000,35000,37000
Eden,E07000030,30000,29000,29000,31000,30000,31000,32000,30000,30000,34000,33000,33000
South Lakeland,E07000031,56000,60000,60000,63000,62000,61000,66000,62000,64000,69000,64000,59000
Bolton,E08000001,111000,113000,113000,117000,119000,121000,126000,128000,132000,134000,133000,137000
Bury,E08000002,72000,72000,73000,75000,75000,76000,83000,79000,85000,86000,76000,83000
Manchester,E08000003,346000,343000,354000,378000,385000,400000,429000,442000,450000,460000,455000,470000
Oldham,E08000004,87000,83000,84000,88000,87000,91000,95000,101000,98000,94000,91000,94000
Rochdale,E08000005,79000,78000,81000,78000,82000,81000,82000,85000,88000,88000,85000,84000
Salford,E08000006,128000,126000,127000,128000,129000,129000,130000,141000,145000,151000,143000,154000
Stockport,E08000007,137000,140000,140000,136000,140000,140000,145000,145000,155000,158000,149000,158000
Tameside,E08000008,74000,77000,76000,76000,77000,79000,79000,77000,80000,84000,79000,82000
Trafford,E08000009,134000,142000,142000,147000,154000,161000,163000,164000,167000,172000,165000,179000
Wigan,E08000010,115000,112000,112000,113000,117000,118000,120000,125000,127000,129000,124000,125000
Burnley,E07000117,37000,40000,38000,38000,40000,43000,45000,44000,42000,45000,43000,44000
Chorley,E07000118,45000,48000,48000,46000,48000,46000,46000,46000,45000,48000,46000,49000
Fylde,E07000119,46000,45000,46000,47000,49000,48000,49000,47000,46000,47000,42000,46000
Hyndburn,E07000120,28000,31000,32000,32000,31000,33000,32000,32000,34000,34000,33000,32000
Lancaster,E07000121,59000,65000,60000,64000,67000,62000,68000,66000,64000,66000,66000,62000
Pendle,E07000122,33000,37000,36000,34000,37000,33000,38000,37000,39000,40000,39000,35000
Preston,E07000123,96000,96000,91000,91000,95000,97000,94000,99000,98000,102000,99000,104000
Ribble Valley,E07000124,35000,35000,35000,36000,29000,33000,35000,34000,31000,36000,36000,30000
Rossendale,E07000125,24000,24000,25000,24000,23000,27000,28000,24000,26000,26000,23000,22000
South Ribble,E07000126,50000,63000,60000,63000,58000,58000,59000,61000,58000,63000,60000,54000
West Lancashire,E07000127,50000,51000,50000,52000,51000,52000,60000,56000,58000,57000,58000,58000
Wyre,E07000128,44000,41000,37000,39000,37000,39000,41000,41000,40000,39000,39000,38000
Knowsley,E08000011,60000,61000,63000,64000,67000,69000,74000,71000,69000,80000,72000,80000
Liverpool,E08000012,243000,250000,249000,253000,258000,265000,272000,280000,285000,299000,284000,295000
Sefton,E08000014,100000,101000,97000,103000,101000,101000,104000,107000,103000,103000,104000,105000
St. Helens,E08000013,65000,66000,68000,66000,68000,67000,68000,72000,69000,69000,69000,73000
Wirral,E08000015,110000,112000,111000,113000,112000,119000,113000,125000,118000,119000,112000,120000
East Riding of Yorkshire,E06000011,136000,135000,131000,131000,138000,139000,148000,150000,149000,150000,141000,146000
"Kingston upon Hull, City of",E06000010,125000,128000,126000,128000,129000,131000,132000,140000,141000,138000,138000,137000
North East Lincolnshire,E06000012,75000,74000,70000,70000,73000,77000,76000,77000,76000,74000,73000,78000
North Lincolnshire,E06000013,75000,75000,74000,75000,77000,78000,81000,83000,83000,85000,85000,90000
York,E06000014,114000,117000,117000,114000,118000,117000,117000,122000,126000,124000,124000,128000
Craven,E07000163,31000,31000,31000,34000,36000,38000,34000,37000,39000,36000,37000,37000
Hambleton,E07000164,52000,48000,48000,53000,49000,52000,49000,50000,52000,47000,48000,44000
Harrogate,E07000165,90000,94000,95000,91000,94000,100000,105000,95000,98000,97000,91000,97000
Richmondshire,E07000166,29000,26000,28000,30000,26000,26000,30000,35000,32000,34000,30000,32000
Ryedale,E07000167,26000,27000,24000,27000,32000,32000,30000,32000,29000,30000,28000,31000
Scarborough,E07000168,46000,49000,49000,50000,47000,59000,60000,53000,55000,55000,51000,54000
Selby,E07000169,38000,34000,39000,40000,37000,39000,41000,42000,41000,43000,42000,41000
Barnsley,E08000016,80000,81000,78000,85000,87000,89000,90000,91000,97000,98000,92000,96000
Doncaster,E08000017,125000,124000,122000,126000,127000,138000,139000,141000,139000,140000,136000,138000
Rotherham,E08000018,105000,105000,105000,102000,110000,113000,121000,113000,114000,112000,118000,117000
Sheffield,E08000019,269000,274000,270000,270000,284000,285000,295000,294000,291000,300000,292000,295000
Bradford,E08000032,216000,218000,213000,221000,219000,230000,231000,236000,229000,228000,226000,234000
Calderdale,E08000033,101000,101000,97000,102000,109000,113000,117000,105000,109000,108000,103000,104000
Kirklees,E08000034,166000,172000,168000,166000,177000,186000,185000,191000,185000,190000,175000,189000
Leeds,E08000035,449000,452000,442000,454000,459000,487000,483000,501000,514000,525000,503000,513000
Wakefield,E08000036,150000,148000,151000,156000,157000,164000,170000,170000,168000,173000,171000,172000
Derby,E06000015,128000,131000,133000,134000,137000,140000,143000,145000,151000,158000,156000,152000
Leicester,E06000016,174000,175000,174000,178000,182000,196000,205000,190000,179000,200000,188000,180000
Nottingham,E06000018,211000,212000,213000,222000,229000,243000,246000,219000,220000,223000,223000,229000
Rutland,E06000017,20000,20000,18000,19000,18000,19000,21000,21000,20000,19000,20000,21000
Amber Valley,E07000032,56000,57000,56000,56000,59000,61000,57000,58000,56000,59000,54000,55000
Bolsover,E07000033,28000,32000,30000,35000,30000,36000,36000,33000,33000,32000,29000,35000
Chesterfield,E07000034,51000,55000,59000,50000,52000,53000,56000,57000,60000,57000,53000,57000
Derbyshire Dales,E07000035,41000,47000,46000,39000,37000,38000,42000,43000,43000,47000,43000,39000
Erewash,E07000036,41000,41000,44000,43000,40000,42000,45000,44000,47000,48000,45000,41000
High Peak,E07000037,36000,38000,39000,35000,36000,35000,38000,37000,42000,42000,38000,37000
North East Derbyshire,E07000038,31000,31000,30000,30000,31000,33000,33000,33000,35000,32000,30000,35000
South Derbyshire,E07000039,36000,34000,39000,36000,34000,33000,37000,36000,37000,40000,35000,37000
Blaby,E07000129,49000,53000,55000,53000,55000,57000,60000,64000,65000,68000,61000,65000
Charnwood,E07000130,70000,70000,67000,68000,72000,73000,79000,74000,74000,77000,80000,82000
Harborough,E07000131,38000,43000,42000,42000,42000,43000,43000,48000,49000,47000,46000,47000
Hinckley and Bosworth,E07000132,43000,44000,42000,47000,48000,47000,51000,50000,47000,47000,50000,50000
Melton,E07000133,24000,25000,25000,26000,23000,26000,27000,25000,24000,23000,25000,26000
North West Leicestershire,E07000134,56000,55000,62000,56000,56000,61000,61000,66000,69000,69000,73000,73000
Oadby and Wigston,E07000135,21000,21000,20000,19000,19000,21000,21000,22000,22000,21000,21000,23000
Boston,E07000136,33000,34000,35000,36000,34000,33000,37000,39000,38000,35000,35000,34000
East Lindsey,E07000137,56000,58000,55000,49000,51000,56000,60000,58000,60000,58000,59000,53000
Lincoln,E07000138,60000,59000,58000,59000,63000,64000,62000,62000,64000,61000,61000,62000
North Kesteven,E07000139,45000,49000,44000,43000,47000,48000,51000,50000,50000,53000,52000,54000
South Holland,E07000140,38000,43000,41000,41000,40000,42000,44000,43000,42000,45000,44000,46000
South Kesteven,E07000141,62000,62000,60000,61000,63000,62000,62000,70000,66000,66000,69000,67000
West Lindsey,E07000142,27000,30000,30000,30000,31000,31000,33000,32000,31000,34000,33000,35000
Ashfield,E07000170,50000,49000,50000,52000,55000,57000,58000,58000,59000,60000,54000,57000
Bassetlaw,E07000171,48000,51000,51000,51000,55000,53000,56000,58000,58000,60000,58000,57000
Broxtowe,E07000172,44000,42000,40000,39000,39000,41000,43000,48000,43000,43000,40000,44000
Gedling,E07000173,31000,33000,32000,34000,37000,38000,36000,40000,35000,34000,35000,36000
Mansfield,E07000174,42000,42000,39000,38000,42000,45000,46000,45000,45000,44000,47000,42000
Newark and Sherwood,E07000175,50000,53000,50000,52000,56000,55000,56000,58000,59000,59000,60000,57000
Rushcliffe,E07000176,44000,45000,45000,44000,47000,47000,51000,49000,52000,52000,51000,51000
North Northamptonshire,E06000061,137000,147000,148000,149000,151000,153000,165000,167000,164000,181000,179000,172000
West Northamptonshire,E06000062,216000,218000,220000,219000,222000,224000,235000,245000,246000,244000,239000,260000
"Herefordshire, County of",E06000019,91000,92000,96000,100000,93000,95000,103000,107000,105000,107000,104000,107000
Shropshire,E06000051,143000,142000,141000,143000,148000,148000,157000,161000,157000,163000,156000,162000
Stoke-on-Trent,E06000021,120000,118000,121000,124000,121000,125000,130000,133000,135000,134000,132000,140000
Telford and Wrekin,E06000020,86000,85000,88000,87000,92000,93000,95000,97000,96000,99000,96000,98000
Cannock Chase,E07000192,38000,39000,42000,42000,41000,44000,48000,46000,48000,48000,43000,47000
East Staffordshire,E07000193,63000,64000,61000,62000,64000,70000,66000,68000,69000,65000,73000,68000
Lichfield,E07000194,46000,47000,51000,51000,50000,53000,56000,54000,55000,57000,55000,58000
Newcastle-under-Lyme,E07000195,48000,46000,49000,52000,51000,51000,53000,54000,55000,49000,51000,50000
South Staffordshire,E07000196,35000,36000,35000,39000,35000,40000,41000,44000,38000,41000,41000,40000
Stafford,E07000197,68000,68000,69000,68000,65000,65000,72000,76000,73000,70000,66000,75000
Staffordshire Moorlands,E07000198,38000,34000,34000,34000,37000,35000,36000,34000,36000,40000,41000,39000
Tamworth,E07000199,30000,30000,33000,34000,34000,37000,32000,32000,35000,36000,33000,32000
North Warwickshire,E07000218,41000,44000,42000,38000,45000,48000,49000,53000,54000,53000,50000,46000
Nuneaton and Bedworth,E07000219,45000,49000,45000,48000,47000,52000,50000,53000,55000,54000,50000,54000
Rugby,E07000220,47000,50000,52000,53000,53000,52000,54000,58000,53000,56000,57000,55000
Stratford-on-Avon,E07000221,69000,70000,71000,72000,77000,78000,80000,88000,83000,88000,82000,82000
Warwick,E07000222,88000,91000,89000,88000,98000,93000,98000,101000,102000,100000,102000,100000
Birmingham,E08000025,507000,526000,522000,541000,553000,563000,575000,589000,584000,601000,598000,588000
Coventry,E08000026,155000,156000,158000,167000,171000,174000,170000,179000,180000,183000,183000,184000
Dudley,E08000027,127000,125000,124000,123000,124000,127000,128000,134000,131000,132000,126000,136000
Sandwell,E08000028,129000,125000,131000,131000,139000,144000,141000,144000,137000,137000,129000,133000
Solihull,E08000029,102000,108000,113000,111000,115000,122000,128000,133000,154000,154000,151000,155000
Walsall,E08000030,104000,103000,105000,106000,109000,119000,117000,125000,121000,118000,115000,115000
Wolverhampton,E08000031,122000,125000,122000,122000,112000,114000,114000,115000,120000,119000,118000,118000
Bromsgrove,E07000234,38000,37000,40000,41000,40000,41000,53000,68000,58000,54000,56000,46000
Malvern Hills,E07000235,32000,31000,33000,31000,33000,32000,33000,33000,35000,37000,34000,36000
Redditch,E07000236,38000,41000,40000,41000,43000,42000,40000,43000,44000,45000,42000,41000
Worcester,E07000237,57000,58000,57000,57000,57000,59000,59000,60000,62000,62000,62000,63000
Wychavon,E07000238,55000,55000,58000,56000,62000,63000,64000,66000,62000,63000,63000,61000
Wyre Forest,E07000239,36000,39000,38000,36000,35000,37000,41000,41000,43000,43000,43000,43000
Bedford,E06000055,77000,80000,79000,79000,83000,83000,86000,86000,86000,89000,91000,91000
Central Bedfordshire,E06000056,108000,109000,103000,109000,113000,112000,106000,104000,124000,127000,116000,119000
Luton,E06000032,91000,94000,91000,96000,101000,98000,105000,106000,105000,104000,102000,106000
Peterborough,E06000031,106000,104000,107000,109000,115000,122000,127000,132000,129000,123000,131000,128000
Southend-on-Sea,E06000033,73000,74000,75000,74000,76000,76000,79000,80000,83000,81000,80000,81000
Thurrock,E06000034,65000,66000,65000,68000,68000,72000,75000,76000,78000,77000,82000,85000
Cambridge,E07000008,95000,98000,100000,108000,113000,114000,115000,118000,122000,123000,121000,118000
East Cambridgeshire,E07000009,29000,29000,33000,37000,37000,37000,42000,40000,39000,40000,41000,39000
Fenland,E07000010,34000,35000,36000,38000,35000,37000,44000,43000,42000,41000,44000,45000
Huntingdonshire,E07000011,84000,81000,81000,82000,84000,87000,88000,83000,85000,90000,86000,88000
South Cambridgeshire,E07000012,81000,80000,74000,75000,84000,87000,91000,97000,93000,99000,96000,98000
Basildon,E07000066,82000,86000,87000,86000,93000,93000,100000,96000,96000,100000,94000,98000
Braintree,E07000067,55000,57000,57000,56000,61000,63000,70000,70000,66000,67000,67000,66000
Brentwood,E07000068,35000,36000,39000,41000,38000,42000,45000,39000,41000,42000,42000,39000
Castle Point,E07000069,26000,26000,29000,24000,25000,27000,26000,26000,29000,29000,30000,26000
Chelmsford,E07000070,93000,97000,94000,92000,92000,95000,98000,104000,103000,103000,100000,100000
Colchester,E07000071,88000,91000,92000,91000,97000,99000,99000,103000,98000,99000,93000,94000
Epping Forest,E07000072,52000,53000,56000,54000,53000,55000,61000,62000,65000,65000,65000,66000
Harlow,E07000073,42000,43000,48000,45000,44000,46000,49000,48000,47000,45000,44000,48000
Maldon,E07000074,24000,22000,27000,24000,25000,28000,25000,27000,28000,26000,26000,26000
Rochford,E07000075,26000,29000,31000,31000,27000,30000,28000,31000,29000,31000,28000,28000
Tendring,E07000076,46000,47000,49000,45000,45000,44000,47000,47000,50000,52000,52000,54000
Uttlesford,E07000077,40000,42000,46000,42000,43000,46000,50000,53000,55000,56000,57000,56000
Broxbourne,E07000095,43000,44000,44000,48000,45000,45000,44000,43000,41000,40000,44000,40000
Dacorum,E07000096,65000,71000,70000,69000,72000,76000,81000,81000,80000,111000,115000,133000
East Hertfordshire,E07000242,62000,63000,64000,69000,74000,73000,76000,85000,94000,84000,84000,79000
Hertsmere,E07000098,53000,51000,54000,53000,54000,60000,62000,62000,62000,65000,62000,69000
North Hertfordshire,E07000099,53000,53000,52000,56000,60000,60000,66000,60000,63000,66000,65000,64000
St Albans,E07000240,73000,77000,79000,80000,83000,88000,81000,86000,91000,87000,83000,86000
Stevenage,E07000243,47000,47000,47000,45000,47000,48000,50000,51000,52000,54000,52000,52000
Three Rivers,E07000102,37000,37000,39000,39000,46000,50000,47000,51000,52000,54000,50000,50000
Watford,E07000103,73000,74000,76000,82000,87000,91000,104000,105000,98000,72000,80000,83000
Welwyn Hatfield,E07000241,73000,75000,79000,83000,84000,79000,87000,100000,101000,104000,94000,96000
Breckland,E07000143,46000,51000,51000,49000,54000,56000,56000,55000,57000,56000,57000,56000
Broadland,E07000144,50000,51000,56000,54000,53000,54000,58000,62000,57000,59000,52000,54000
Great Yarmouth,E07000145,46000,41000,43000,44000,43000,42000,45000,42000,41000,43000,45000,44000
King's Lynn and West Norfolk,E07000146,64000,63000,68000,61000,67000,67000,67000,74000,69000,66000,69000,71000
North Norfolk,E07000147,39000,40000,42000,41000,40000,42000,45000,41000,43000,43000,47000,43000
Norwich,E07000148,91000,94000,97000,96000,99000,100000,104000,102000,106000,106000,98000,97000
South Norfolk,E07000149,52000,57000,58000,58000,57000,63000,61000,63000,65000,63000,62000,64000
Babergh,E07000200,35000,37000,37000,37000,37000,39000,37000,38000,37000,36000,40000,39000
Ipswich,E07000202,72000,76000,73000,74000,74000,77000,81000,81000,83000,80000,80000,81000
Mid Suffolk,E07000203,45000,44000,43000,45000,45000,46000,44000,46000,47000,48000,50000,49000
East Suffolk,E07000244,106000,110000,108000,103000,110000,108000,109000,111000,115000,109000,110000,111000
West Suffolk,E07000245,95000,96000,93000,96000,98000,96000,100000,108000,110000,111000,110000,113000
Camden,E09000007,307000,331000,344000,355000,379000,383000,394000,398000,403000,402000,391000,418000
City of London,E09000001,388000,436000,449000,463000,498000,541000,586000,626000,638000,674000,630000,672000
Hackney,E09000012,101000,113000,112000,111000,131000,136000,143000,139000,151000,156000,152000,175000
Hammersmith and Fulham,E09000013,139000,140000,147000,141000,148000,154000,157000,159000,155000,159000,165000,152000
Haringey,E09000014,72000,74000,80000,84000,90000,93000,92000,92000,91000,89000,94000,93000
Islington,E09000019,197000,201000,206000,220000,231000,250000,251000,247000,255000,263000,247000,267000
Kensington and Chelsea,E09000020,129000,137000,144000,141000,141000,150000,153000,166000,164000,161000,149000,158000
Lambeth,E09000022,151000,150000,152000,168000,180000,185000,175000,188000,177000,184000,175000,176000
Lewisham,E09000023,73000,75000,78000,82000,88000,83000,84000,88000,84000,86000,84000,89000
Newham,E09000025,80000,89000,97000,104000,112000,114000,125000,125000,139000,130000,136000,145000
Southwark,E09000028,228000,247000,270000,256000,282000,289000,307000,317000,329000,320000,310000,303000
Tower Hamlets,E09000030,223000,251000,253000,269000,278000,298000,303000,317000,333000,342000,321000,310000
Wandsworth,E09000032,118000,125000,136000,134000,134000,144000,146000,151000,147000,153000,147000,149000
Westminster,E09000033,644000,674000,698000,717000,737000,756000,765000,754000,777000,803000,747000,805000
Barking and Dagenham,E09000002,51000,54000,55000,54000,59000,62000,63000,66000,66000,67000,71000,72000
Barnet,E09000003,141000,147000,154000,159000,165000,168000,169000,176000,169000,166000,163000,176000
Bexley,E09000004,77000,78000,78000,80000,80000,86000,86000,91000,87000,91000,85000,85000
Brent,E09000005,114000,115000,123000,125000,131000,136000,148000,157000,157000,155000,149000,146000
Bromley,E09000006,120000,119000,122000,129000,127000,124000,134000,134000,127000,133000,129000,124000
Croydon,E09000008,138000,136000,141000,130000,142000,144000,149000,155000,149000,144000,144000,142000
Ealing,E09000009,128000,148000,148000,152000,159000,163000,168000,168000,148000,158000,160000,158000
Enfield,E09000010,112000,110000,117000,118000,127000,133000,129000,126000,133000,135000,126000,123000
Greenwich,E09000011,82000,81000,82000,86000,95000,96000,96000,102000,106000,107000,102000,102000
Harrow,E09000015,78000,76000,79000,78000,89000,88000,93000,97000,91000,90000,90000,85000
Havering,E09000016,82000,82000,84000,91000,90000,93000,100000,103000,104000,98000,95000,105000
Hillingdon,E09000017,192000,202000,213000,213000,220000,202000,204000,216000,209000,206000,206000,203000
Hounslow,E09000018,143000,150000,160000,167000,164000,187000,197000,186000,178000,185000,169000,168000
Kingston upon Thames,E09000021,85000,80000,81000,80000,82000,95000,99000,100000,96000,91000,89000,89000
Merton,E09000024,78000,86000,89000,96000,97000,98000,94000,104000,106000,100000,97000,92000
Redbridge,E09000026,78000,77000,88000,84000,89000,92000,94000,97000,92000,96000,90000,93000
Richmond upon Thames,E09000027,85000,95000,92000,95000,95000,102000,108000,106000,111000,103000,100000,97000
Sutton,E09000029,73000,78000,79000,77000,78000,80000,84000,85000,78000,84000,82000,95000
Waltham Forest,E09000031,66000,71000,77000,81000,84000,86000,86000,88000,88000,92000,85000,83000
Bracknell Forest,E06000036,68000,67000,66000,65000,69000,71000,72000,72000,71000,71000,69000,68000
Brighton and Hove,E06000043,139000,147000,152000,155000,161000,166000,176000,174000,173000,173000,163000,172000
Isle of Wight,E06000046,56000,59000,59000,61000,58000,62000,64000,62000,63000,64000,60000,61000
Medway,E06000035,97000,96000,100000,98000,99000,102000,108000,109000,111000,107000,112000,113000
Milton Keynes,E06000042,156000,161000,162000,173000,175000,189000,203000,197000,198000,204000,191000,196000
Portsmouth,E06000044,122000,123000,123000,123000,121000,121000,128000,128000,128000,129000,123000,125000
Reading,E06000038,101000,105000,108000,109000,113000,118000,119000,121000,119000,125000,122000,131000
Slough,E06000039,86000,87000,88000,89000,87000,88000,92000,92000,98000,94000,91000,94000
Southampton,E06000045,121000,118000,122000,126000,131000,135000,133000,132000,130000,132000,129000,132000
West Berkshire,E06000037,101000,100000,104000,100000,104000,107000,112000,109000,113000,116000,107000,105000
Windsor and Maidenhead,E06000040,84000,89000,85000,88000,89000,91000,96000,93000,98000,98000,93000,90000
Wokingham,E06000041,78000,81000,81000,84000,85000,89000,94000,95000,93000,99000,94000,100000
Buckinghamshire,E06000060,241000,246000,254000,253000,266000,272000,288000,285000,282000,294000,284000,288000
Eastbourne,E07000061,46000,43000,46000,47000,47000,49000,46000,52000,50000,46000,47000,48000
Hastings,E07000062,35000,37000,38000,37000,35000,37000,39000,41000,38000,44000,37000,40000
Lewes,E07000063,42000,36000,39000,41000,40000,47000,47000,41000,47000,49000,46000,49000
Rother,E07000064,34000,32000,32000,35000,35000,37000,36000,36000,34000,38000,35000,38000
Wealden,E07000065,59000,57000,62000,62000,60000,65000,68000,67000,67000,73000,63000,61000
Basingstoke and Deane,E07000084,91000,95000,92000,94000,88000,93000,96000,91000,94000,98000,95000,98000
East Hampshire,E07000085,59000,58000,56000,51000,55000,60000,53000,50000,57000,59000,55000,49000
Eastleigh,E07000086,65000,69000,68000,67000,67000,74000,75000,75000,73000,74000,70000,70000
Fareham,E07000087,56000,58000,58000,57000,58000,59000,62000,58000,56000,57000,60000,57000
Gosport,E07000088,26000,25000,24000,26000,27000,28000,25000,27000,26000,27000,24000,24000
Hart,E07000089,42000,46000,47000,50000,51000,53000,49000,50000,47000,43000,41000,40000
Havant,E07000090,49000,47000,46000,53000,54000,50000,48000,48000,48000,51000,50000,46000
New Forest,E07000091,81000,79000,78000,81000,79000,84000,84000,82000,83000,84000,78000,79000
Rushmoor,E07000092,50000,51000,52000,53000,53000,58000,61000,57000,60000,59000,58000,56000
Test Valley,E07000093,58000,62000,63000,64000,69000,77000,76000,66000,71000,72000,73000,73000
Winchester,E07000094,83000,83000,90000,92000,91000,96000,95000,95000,97000,101000,94000,99000
Ashford,E07000105,58000,60000,59000,62000,61000,67000,70000,73000,76000,76000,68000,72000
Canterbury,E07000106,73000,74000,70000,71000,77000,78000,83000,84000,83000,87000,80000,82000
Dartford,E07000107,57000,58000,62000,64000,66000,69000,74000,67000,67000,68000,80000,74000
Dover,E07000108,39000,37000,37000,42000,40000,40000,42000,44000,42000,43000,42000,45000
Gravesham,E07000109,33000,33000,32000,31000,32000,33000,39000,40000,38000,37000,37000,38000
Maidstone,E07000110,84000,84000,83000,85000,88000,91000,88000,86000,94000,91000,88000,87000
Sevenoaks,E07000111,54000,55000,55000,57000,55000,58000,61000,65000,60000,64000,59000,63000
Folkestone and Hythe,E07000112,44000,49000,46000,47000,50000,48000,46000,44000,41000,47000,47000,46000
Swale,E07000113,53000,54000,52000,54000,53000,58000,59000,58000,64000,63000,57000,61000
Thanet,E07000114,48000,48000,48000,51000,46000,48000,56000,57000,54000,57000,53000,57000
Tonbridge and Malling,E07000115,62000,66000,60000,64000,67000,67000,70000,65000,69000,75000,76000,78000
Tunbridge Wells,E07000116,54000,59000,56000,57000,65000,73000,66000,65000,62000,65000,66000,71000
Cherwell,E07000177,76000,76000,77000,83000,82000,82000,86000,86000,86000,95000,95000,93000
Oxford,E07000178,114000,118000,118000,121000,133000,134000,137000,135000,144000,142000,133000,127000
South Oxfordshire,E07000179,64000,67000,69000,71000,73000,74000,78000,76000,72000,74000,73000,71000
Vale of White Horse,E07000180,65000,64000,66000,66000,69000,72000,75000,74000,72000,80000,77000,75000
West Oxfordshire,E07000181,49000,52000,52000,58000,54000,58000,62000,61000,56000,57000,58000,62000
Elmbridge,E07000207,63000,67000,66000,68000,70000,71000,80000,70000,73000,72000,69000,70000
Epsom and Ewell,E07000208,34000,37000,35000,34000,36000,36000,37000,34000,34000,37000,37000,36000
Guildford,E07000209,87000,89000,86000,91000,95000,95000,93000,93000,98000,103000,90000,99000
Mole Valley,E07000210,53000,52000,54000,50000,50000,52000,52000,50000,55000,55000,50000,53000
Reigate and Banstead,E07000211,71000,74000,74000,76000,77000,80000,84000,76000,79000,86000,74000,84000
Runnymede,E07000212,60000,61000,61000,56000,58000,59000,64000,63000,64000,69000,67000,60000
Spelthorne,E07000213,45000,41000,44000,42000,43000,43000,44000,44000,47000,50000,45000,43000
Surrey Heath,E07000214,55000,51000,57000,58000,61000,62000,56000,67000,63000,59000,59000,58000
Tandridge,E07000215,38000,38000,39000,42000,43000,41000,39000,39000,44000,47000,37000,39000
Waverley,E07000216,59000,61000,58000,60000,63000,69000,69000,67000,63000,64000,68000,63000
Woking,E07000217,53000,53000,54000,52000,57000,57000,56000,54000,57000,58000,55000,49000
Adur,E07000223,20000,21000,24000,23000,21000,25000,23000,22000,25000,26000,26000,24000
Arun,E07000224,48000,49000,54000,50000,54000,55000,55000,54000,60000,57000,53000,58000
Chichester,E07000225,71000,71000,69000,71000,74000,76000,79000,80000,76000,81000,78000,76000
Crawley,E07000226,91000,84000,86000,89000,91000,98000,98000,99000,101000,103000,99000,89000
Horsham,E07000227,64000,63000,57000,63000,60000,62000,69000,71000,64000,70000,65000,64000
Mid Sussex,E07000228,61000,65000,67000,67000,68000,70000,74000,73000,67000,72000,72000,67000
Worthing,E07000229,49000,54000,55000,56000,55000,55000,58000,54000,59000,58000,58000,59000
Bath and North East Somerset,E06000022,97000,98000,100000,97000,101000,102000,102000,105000,104000,108000,110000,110000
"Bristol, City of",E06000023,265000,269000,270000,279000,294000,301000,303000,318000,312000,326000,318000,323000
Cornwall,E06000052,257000,259000,255000,258000,266000,266000,275000,286000,285000,282000,281000,289000
Isles of Scilly,E06000053,1000,1000,1000,1000,3000,3000,1000,1000,1000,1000,1000,1000
North Somerset,E06000024,88000,92000,87000,87000,90000,94000,100000,101000,102000,102000,101000,104000
Plymouth,E06000026,125000,128000,130000,129000,131000,135000,131000,132000,130000,134000,133000,136000
South Gloucestershire,E06000025,155000,157000,147000,151000,159000,159000,165000,161000,167000,185000,173000,174000
Swindon,E06000030,119000,120000,115000,120000,124000,126000,131000,128000,129000,128000,126000,126000
Torbay,E06000027,55000,57000,59000,58000,58000,58000,57000,59000,57000,59000,57000,59000
Wiltshire,E06000054,232000,231000,213000,223000,251000,254000,265000,258000,262000,274000,273000,258000
East Devon,E07000040,57000,59000,56000,54000,59000,67000,64000,62000,65000,64000,62000,62000
Exeter,E07000041,100000,87000,89000,95000,101000,103000,104000,105000,110000,110000,105000,108000
Mid Devon,E07000042,29000,32000,31000,30000,35000,36000,38000,37000,32000,34000,34000,31000
North Devon,E07000043,52000,51000,50000,53000,53000,58000,51000,62000,60000,60000,51000,56000
South Hams,E07000044,46000,47000,48000,43000,44000,45000,45000,48000,51000,47000,51000,51000
Teignbridge,E07000045,49000,55000,56000,54000,52000,56000,57000,59000,56000,58000,58000,62000
Torridge,E07000046,24000,24000,25000,27000,23000,24000,27000,26000,27000,30000,31000,28000
West Devon,E07000047,23000,18000,22000,22000,22000,24000,23000,24000,21000,20000,24000,25000
"Bournemouth, Christchurch and Poole",E06000058,191000,190000,195000,202000,207000,207000,211000,218000,223000,224000,215000,220000
Dorset,E06000059,171000,170000,171000,174000,175000,174000,181000,179000,185000,184000,177000,183000
Cheltenham,E07000078,71000,72000,72000,73000,75000,76000,68000,75000,71000,75000,76000,74000
Cotswold,E07000079,43000,46000,47000,51000,51000,51000,55000,52000,56000,56000,55000,54000
Forest of Dean,E07000080,28000,33000,32000,30000,31000,32000,31000,28000,33000,33000,30000,30000
Gloucester,E07000081,72000,66000,67000,66000,68000,69000,67000,70000,73000,76000,73000,75000
Stroud,E07000082,57000,57000,60000,58000,60000,61000,61000,60000,63000,61000,59000,56000
Tewkesbury,E07000083,43000,44000,45000,45000,49000,50000,54000,53000,55000,58000,53000,52000
Mendip,E07000187,50000,48000,50000,53000,52000,57000,59000,61000,61000,59000,53000,58000
Sedgemoor,E07000188,46000,45000,46000,49000,53000,51000,51000,55000,60000,59000,57000,53000
South Somerset,E07000189,81000,85000,80000,83000,80000,83000,84000,85000,85000,81000,80000,84000
Somerset West and Taunton,E07000246,81000,78000,74000,80000,81000,81000,82000,83000,82000,88000,87000,78000
Isle of Anglesey,W06000001,24000,25000,26000,25000,25000,26000,27000,26000,28000,27000,27000,26000
Gwynedd,W06000002,59000,60000,63000,65000,62000,67000,68000,68000,68000,67000,66000,61000
Conwy,W06000003,45000,46000,47000,48000,48000,51000,54000,52000,50000,49000,52000,48000
Denbighshire,W06000004,42000,43000,44000,45000,43000,45000,46000,47000,49000,47000,48000,47000
Flintshire,W06000005,71000,76000,77000,76000,80000,82000,83000,80000,84000,85000,82000,81000
Wrexham,W06000006,59000,61000,61000,63000,62000,61000,62000,65000,68000,68000,70000,69000
Powys,W06000023,62000,64000,66000,67000,64000,69000,72000,68000,70000,68000,66000,65000
Ceredigion,W06000008,36000,35000,34000,35000,34000,37000,39000,35000,35000,37000,36000,36000
Pembrokeshire,W06000009,53000,55000,56000,56000,55000,54000,59000,55000,58000,59000,58000,55000
Carmarthenshire,W06000010,72000,74000,75000,78000,78000,81000,84000,84000,81000,82000,81000,80000
Swansea,W06000011,115000,114000,110000,117000,121000,120000,123000,123000,125000,125000,122000,117000
Neath Port Talbot,W06000012,47000,50000,52000,51000,51000,53000,56000,53000,53000,56000,55000,55000
Bridgend,W06000013,59000,60000,60000,62000,65000,67000,63000,63000,65000,62000,61000,63000
Vale of Glamorgan,W06000014,45000,45000,45000,45000,47000,47000,47000,50000,51000,48000,47000,47000
Cardiff,W06000015,210000,214000,213000,216000,217000,223000,232000,238000,241000,242000,239000,241000
Rhondda Cynon Taff,W06000016,80000,81000,84000,85000,84000,86000,82000,83000,86000,83000,85000,87000
Merthyr Tydfil,W06000024,24000,25000,24000,23000,23000,23000,24000,24000,25000,25000,27000,25000
Caerphilly,W06000018,56000,57000,57000,61000,60000,62000,63000,59000,60000,64000,62000,64000
Blaenau Gwent,W06000019,22000,20000,21000,21000,21000,21000,22000,21000,22000,22000,20000,20000
Torfaen,W06000020,37000,37000,38000,40000,39000,38000,39000,40000,38000,40000,41000,39000
Monmouthshire,W06000021,40000,40000,41000,41000,41000,43000,45000,47000,46000,45000,42000,42000
Newport,W06000022,78000,79000,76000,74000,74000,77000,82000,84000,89000,88000,86000,84000
Aberdeen City,S12000033,184000,186000,191000,195000,203000,197000,192000,188000,191000,192000,173000,173000
Aberdeenshire,S12000034,106000,118000,116000,114000,116000,120000,122000,129000,120000,119000,117000,119000
Angus,S12000041,42000,43000,41000,42000,41000,42000,44000,45000,45000,44000,41000,41000
Argyll and Bute,S12000035,48000,47000,48000,46000,46000,46000,49000,47000,49000,51000,46000,47000
Clackmannanshire,S12000005,16000,16000,16000,16000,17000,16000,17000,16000,17000,16000,16000,17000
Dumfries and Galloway,S12000006,68000,70000,68000,70000,70000,71000,76000,76000,77000,74000,69000,70000
Dundee City,S12000042,78000,78000,77000,77000,80000,80000,85000,84000,83000,84000,82000,85000
East Ayrshire,S12000008,46000,46000,44000,43000,45000,45000,48000,51000,47000,47000,46000,48000
East Dunbartonshire,S12000045,26000,27000,29000,30000,30000,30000,31000,31000,30000,30000,28000,30000
East Lothian,S12000010,31000,33000,31000,33000,35000,35000,35000,36000,38000,36000,38000,42000
East Renfrewshire,S12000011,21000,23000,21000,23000,24000,25000,25000,24000,26000,25000,24000,23000
City of Edinburgh,S12000036,332000,349000,363000,346000,345000,354000,366000,368000,386000,389000,380000,395000
Na h-Eileanan Siar,S12000013,12000,12000,12000,13000,12000,13000,13000,13000,14000,14000,14000,14000
Falkirk,S12000014,61000,66000,66000,70000,70000,71000,74000,73000,71000,72000,71000,74000
Fife,S12000047,142000,146000,144000,145000,152000,151000,159000,153000,153000,152000,148000,152000
Glasgow City,S12000049,414000,423000,416000,386000,440000,443000,458000,454000,458000,463000,459000,465000
Highland,S12000017,120000,125000,120000,130000,130000,126000,136000,129000,132000,133000,131000,128000
Inverclyde,S12000018,32000,33000,30000,31000,33000,33000,35000,32000,31000,28000,30000,29000
Midlothian,S12000019,29000,31000,32000,33000,35000,35000,35000,35000,35000,35000,34000,38000
Moray,S12000020,42000,43000,42000,41000,42000,42000,45000,46000,46000,46000,44000,46000
North Ayrshire,S12000021,44000,44000,42000,44000,45000,46000,49000,48000,47000,47000,43000,46000
North Lanarkshire,S12000050,133000,129000,132000,133000,143000,143000,144000,147000,151000,146000,145000,142000
Orkney Islands,S12000023,12000,12000,12000,12000,12000,12000,13000,14000,14000,14000,13000,14000
Perth and Kinross,S12000048,70000,71000,70000,72000,72000,73000,77000,74000,75000,81000,71000,77000
Renfrewshire,S12000038,81000,79000,75000,77000,81000,91000,92000,93000,95000,94000,93000,90000
Scottish Borders,S12000026,50000,52000,50000,52000,50000,50000,53000,53000,53000,55000,53000,53000
Shetland Islands,S12000027,17000,15000,14000,15000,16000,17000,15000,15000,16000,15000,17000,16000
South Ayrshire,S12000028,51000,52000,50000,52000,50000,52000,55000,53000,53000,54000,50000,53000
South Lanarkshire,S12000029,123000,133000,130000,131000,128000,132000,135000,132000,132000,133000,134000,135000
Stirling,S12000030,51000,46000,48000,50000,49000,50000,53000,54000,53000,55000,52000,51000
West Dunbartonshire,S12000039,36000,35000,32000,33000,36000,34000,34000,35000,35000,36000,34000,38000
West Lothian,S12000040,82000,80000,82000,78000,84000,83000,84000,84000,86000,85000,87000,86000
Antrim and Newtownabbey,N09000001,-,-,-,-,-,-,-,-,-,-,71000,66000
"Armagh City, Banbridge and Craigavon",N09000002,-,-,-,-,-,-,-,-,-,-,91000,88000
Belfast,N09000003,-,-,-,-,-,-,-,-,-,-,265000,258000
Causeway Coast and Glens,N09000004,-,-,-,-,-,-,-,-,-,-,51000,49000
Derry City and Strabane,N09000005,-,-,-,-,-,-,-,-,-,-,75000,72000
Fermanagh and Omagh,N09000006,-,-,-,-,-,-,-,-,-,-,52000,50000
Lisburn and Castlereagh,N09000007,-,-,-,-,-,-,-,-,-,-,71000,70000
Mid and East Antrim,N09000008,-,-,-,-,-,-,-,-,-,-,56000,52000
Mid Ulster,N09000009,-,-,-,-,-,-,-,-,-,-,72000,70000
"Newry, Mourne and Down",N09000010,-,-,-,-,-,-,-,-,-,-,70000,69000
Ards and North Down,N09000011,-,-,-,-,-,-,-,-,-,-,52000,50000
Column Total,Column Total,30236000,30902000,31133000,31572000,32454000,33403000,34287000,34647000,34849000,35357000,35258000,35772000
,,,,,,,,,,,,,
,,,,,,,,,,,,,
-,These figures are missing.,,,,,,,,,,,,
,,,,,,,,,,,,,
,,,,,,,,,,,,,
,,,,,,,,,,,,,
,,,,,,,,,,,,,
,,,,,,,,,,,,,
,,,,,,,,,,,,,
,,,,,,,,,,,,,
jobs density,,,,,,,,,,,,,
ONS Crown Copyright Reserved [from Nomis on 10 November 2024],,,,,,,,,,,,,
Analysis   :,standard,,,,,,,,,,,,
Item Name  :,Jobs density,,,,,,,,,,,,
,,,,,,,,,,,,,
local authority: district / unitary (as of April 2021),mnemonic,2010,2011,2012,2013,2014,2015,2016,2017,2018,2019,2020,2021
,,,,,,,,,,,,,
Darlington,E06000005,0.87,0.79,0.83,0.82,0.85,0.87,0.85,0.83,0.83,0.84,0.87,0.88
County Durham,E06000047,0.53,0.56,0.55,0.57,0.58,0.61,0.58,0.61,0.62,0.63,0.61,0.65
Hartlepool,E06000001,0.56,0.54,0.52,0.55,0.58,0.59,0.59,0.58,0.57,0.6,0.58,0.64
Middlesbrough,E06000002,0.74,0.72,0.74,0.73,0.74,0.76,0.74,0.77,0.76,0.8,0.75,0.81
Northumberland,E06000057,0.62,0.61,0.6,0.62,0.62,0.65,0.64,0.68,0.67,0.69,0.64,0.67
Redcar and Cleveland,E06000003,0.51,0.5,0.54,0.56,0.58,0.58,0.56,0.54,0.56,0.54,0.52,0.56
Stockton-on-Tees,E06000004,0.67,0.71,0.69,0.71,0.73,0.76,0.73,0.76,0.75,0.78,0.8,0.77
Gateshead,E08000037,0.75,0.78,0.76,0.75,0.79,0.83,0.82,0.81,0.81,0.81,0.77,0.85
Newcastle upon Tyne,E08000021,0.98,0.99,0.99,0.97,0.99,1,1,1.02,1.01,1.02,0.95,1.02
North Tyneside,E08000022,0.6,0.59,0.61,0.6,0.65,0.7,0.7,0.73,0.74,0.73,0.69,0.72
South Tyneside,E08000023,0.5,0.5,0.52,0.53,0.53,0.55,0.51,0.52,0.51,0.52,0.5,0.54
Sunderland,E08000024,0.66,0.7,0.71,0.69,0.73,0.73,0.72,0.76,0.75,0.75,0.75,0.79
Blackburn with Darwen,E06000008,0.7,0.68,0.72,0.76,0.78,0.78,0.82,0.8,0.85,0.79,0.81,0.79
Blackpool,E06000009,0.71,0.71,0.72,0.72,0.77,0.78,0.79,0.8,0.85,0.87,0.87,0.86
Cheshire East,E06000049,0.81,0.82,0.85,0.88,0.91,0.96,0.93,0.95,0.96,0.98,0.96,0.92
Cheshire West and Chester,E06000050,0.79,0.8,0.81,0.84,0.85,0.9,0.96,0.99,0.96,0.97,0.9,0.87
Halton,E06000006,0.69,0.72,0.75,0.68,0.75,0.77,0.82,0.87,0.89,0.9,0.87,0.86
Warrington,E06000007,0.96,0.98,0.99,1.02,1.03,1.03,1.17,1.14,1.14,1.18,1.18,1.16
Allerdale,E07000026,0.65,0.74,0.76,0.73,0.72,0.74,0.73,0.74,0.8,0.82,0.73,0.74
Barrow-in-Furness,E07000027,0.7,0.72,0.73,0.76,0.79,0.83,0.82,0.81,0.8,0.8,0.78,0.73
Carlisle,E07000028,0.89,0.85,0.97,0.94,0.97,1,0.98,0.97,0.99,0.97,1.01,0.99
Copeland,E07000029,0.72,0.68,0.75,0.77,0.78,0.82,0.87,0.92,0.92,0.91,0.85,0.91
Eden,E07000030,0.92,0.9,0.9,0.98,0.95,1,1.04,0.98,0.98,1.09,1.05,1.01
South Lakeland,E07000031,0.89,0.96,0.97,1.03,1.03,1.01,1.11,1.04,1.06,1.16,1.08,0.98
Bolton,E08000001,0.63,0.64,0.64,0.66,0.68,0.69,0.71,0.73,0.75,0.76,0.76,0.75
Bury,E08000002,0.61,0.61,0.62,0.64,0.65,0.66,0.71,0.68,0.73,0.73,0.65,0.7
Manchester,E08000003,0.99,0.96,0.98,1.04,1.05,1.07,1.12,1.15,1.17,1.18,1.16,1.22
Oldham,E08000004,0.61,0.58,0.59,0.63,0.62,0.64,0.67,0.7,0.68,0.65,0.63,0.63
Rochdale,E08000005,0.58,0.58,0.6,0.58,0.61,0.6,0.61,0.63,0.65,0.64,0.62,0.61
Salford,E08000006,0.83,0.81,0.81,0.81,0.81,0.8,0.8,0.86,0.87,0.89,0.82,0.85
Stockport,E08000007,0.76,0.78,0.79,0.77,0.8,0.79,0.82,0.82,0.88,0.89,0.84,0.88
Tameside,E08000008,0.52,0.54,0.54,0.54,0.55,0.57,0.57,0.55,0.57,0.6,0.56,0.56
Trafford,E08000009,0.93,0.98,0.99,1.02,1.06,1.11,1.13,1.13,1.15,1.18,1.13,1.23
Wigan,E08000010,0.56,0.54,0.55,0.55,0.58,0.58,0.59,0.62,0.63,0.63,0.61,0.61
Burnley,E07000117,0.67,0.72,0.69,0.7,0.73,0.8,0.85,0.83,0.79,0.83,0.81,0.75
Chorley,E07000118,0.65,0.69,0.68,0.66,0.68,0.66,0.65,0.64,0.63,0.66,0.62,0.67
Fylde,E07000119,1,0.99,1.01,1.04,1.1,1.07,1.09,1.03,1,1.03,0.91,0.99
Hyndburn,E07000120,0.55,0.6,0.64,0.64,0.63,0.67,0.65,0.66,0.7,0.68,0.67,0.63
Lancaster,E07000121,0.66,0.73,0.67,0.71,0.75,0.69,0.76,0.73,0.7,0.71,0.7,0.69
Pendle,E07000122,0.57,0.65,0.65,0.61,0.68,0.61,0.69,0.68,0.71,0.72,0.7,0.6
Preston,E07000123,1.03,1.02,0.97,0.98,1.03,1.05,1.01,1.07,1.06,1.1,1.06,1.08
Ribble Valley,E07000124,1,1.01,1.01,1.02,0.84,0.95,0.99,0.96,0.87,0.98,0.96,0.82
Rossendale,E07000125,0.55,0.53,0.57,0.55,0.54,0.62,0.65,0.54,0.6,0.58,0.53,0.51
South Ribble,E07000126,0.72,0.91,0.87,0.93,0.86,0.86,0.88,0.91,0.87,0.94,0.89,0.8
West Lancashire,E07000127,0.71,0.73,0.73,0.76,0.74,0.75,0.86,0.81,0.83,0.82,0.84,0.8
Wyre,E07000128,0.69,0.65,0.58,0.61,0.59,0.61,0.65,0.65,0.64,0.62,0.61,0.6
Knowsley,E08000011,0.64,0.65,0.67,0.68,0.71,0.74,0.78,0.75,0.73,0.85,0.76,0.82
Liverpool,E08000012,0.76,0.78,0.77,0.78,0.79,0.8,0.81,0.84,0.85,0.89,0.84,0.9
Sefton,E08000014,0.59,0.59,0.58,0.62,0.61,0.61,0.63,0.65,0.63,0.63,0.64,0.63
St. Helens,E08000013,0.58,0.59,0.61,0.6,0.62,0.61,0.62,0.65,0.63,0.62,0.63,0.65
Wirral,E08000015,0.55,0.56,0.56,0.57,0.57,0.61,0.58,0.64,0.61,0.61,0.58,0.62
East Riding of Yorkshire,E06000011,0.66,0.66,0.64,0.65,0.69,0.7,0.75,0.76,0.76,0.77,0.72,0.74
"Kingston upon Hull, City of",E06000010,0.72,0.74,0.73,0.75,0.76,0.77,0.77,0.82,0.83,0.82,0.82,0.79
North East Lincolnshire,E06000012,0.74,0.73,0.7,0.71,0.74,0.78,0.78,0.8,0.78,0.77,0.77,0.83
North Lincolnshire,E06000013,0.71,0.71,0.7,0.71,0.74,0.75,0.78,0.79,0.8,0.82,0.82,0.88
York,E06000014,0.87,0.88,0.88,0.85,0.87,0.86,0.86,0.89,0.91,0.89,0.89,0.97
Craven,E07000163,0.93,0.92,0.92,1.02,1.09,1.17,1.03,1.15,1.2,1.1,1.13,1.14
Hambleton,E07000164,0.95,0.87,0.88,0.97,0.93,0.98,0.93,0.95,0.97,0.9,0.92,0.84
Harrogate,E07000165,0.92,0.96,0.96,0.94,0.98,1.04,1.1,1,1.03,1.02,0.96,0.99
Richmondshire,E07000166,0.84,0.75,0.81,0.86,0.77,0.8,0.88,1.04,0.97,1,0.89,1.05
Ryedale,E07000167,0.84,0.88,0.79,0.86,1.02,1.02,0.97,1.02,0.91,0.94,0.89,0.98
Scarborough,E07000168,0.69,0.74,0.75,0.77,0.74,0.93,0.96,0.85,0.89,0.89,0.83,0.87
Selby,E07000169,0.7,0.64,0.73,0.74,0.68,0.73,0.76,0.77,0.76,0.77,0.75,0.73
Barnsley,E08000016,0.54,0.54,0.53,0.57,0.58,0.59,0.6,0.6,0.64,0.64,0.6,0.63
Doncaster,E08000017,0.65,0.64,0.63,0.65,0.67,0.72,0.73,0.74,0.72,0.73,0.71,0.72
Rotherham,E08000018,0.64,0.64,0.65,0.63,0.68,0.7,0.75,0.7,0.7,0.69,0.73,0.71
Sheffield,E08000019,0.75,0.75,0.74,0.73,0.77,0.76,0.78,0.77,0.76,0.78,0.75,0.82
Bradford,E08000032,0.66,0.66,0.65,0.67,0.67,0.7,0.7,0.72,0.69,0.69,0.68,0.69
Calderdale,E08000033,0.77,0.77,0.74,0.78,0.84,0.87,0.9,0.81,0.84,0.83,0.79,0.81
Kirklees,E08000034,0.61,0.63,0.62,0.61,0.65,0.68,0.68,0.7,0.68,0.7,0.64,0.7
Leeds,E08000035,0.9,0.9,0.88,0.9,0.91,0.96,0.94,0.98,1,1.02,0.97,0.97
Wakefield,E08000036,0.71,0.7,0.72,0.74,0.75,0.78,0.81,0.8,0.79,0.8,0.79,0.78
Derby,E06000015,0.8,0.82,0.83,0.84,0.86,0.87,0.89,0.9,0.93,0.98,0.97,0.92
Leicester,E06000016,0.79,0.79,0.78,0.79,0.81,0.85,0.88,0.81,0.76,0.85,0.8,0.74
Nottingham,E06000018,1.01,1,0.99,1.02,1.05,1.09,1.08,0.95,0.95,0.96,0.95,1.03
Rutland,E06000017,0.86,0.87,0.82,0.83,0.8,0.84,0.92,0.91,0.87,0.85,0.86,0.85
Amber Valley,E07000032,0.72,0.73,0.72,0.73,0.77,0.8,0.74,0.76,0.72,0.75,0.69,0.72
Bolsover,E07000033,0.59,0.66,0.62,0.72,0.61,0.73,0.73,0.66,0.67,0.64,0.58,0.69
Chesterfield,E07000034,0.78,0.83,0.9,0.76,0.79,0.81,0.86,0.87,0.93,0.87,0.83,0.9
Derbyshire Dales,E07000035,0.93,1.07,1.07,0.91,0.86,0.9,1,1.03,1.04,1.11,1.03,0.95
Erewash,E07000036,0.57,0.57,0.62,0.6,0.56,0.59,0.63,0.62,0.66,0.67,0.63,0.58
High Peak,E07000037,0.61,0.65,0.67,0.61,0.62,0.61,0.65,0.65,0.73,0.74,0.67,0.65
North East Derbyshire,E07000038,0.5,0.5,0.49,0.49,0.52,0.55,0.56,0.55,0.59,0.54,0.51,0.58
South Derbyshire,E07000039,0.59,0.56,0.63,0.58,0.54,0.52,0.58,0.56,0.57,0.59,0.51,0.55
Blaby,E07000129,0.82,0.89,0.93,0.9,0.93,0.96,1,1.07,1.07,1.11,0.98,1.04
Charnwood,E07000130,0.64,0.63,0.6,0.61,0.64,0.64,0.69,0.63,0.62,0.64,0.65,0.7
Harborough,E07000131,0.72,0.81,0.79,0.78,0.78,0.8,0.8,0.86,0.89,0.84,0.81,0.79
Hinckley and Bosworth,E07000132,0.65,0.65,0.63,0.71,0.72,0.7,0.76,0.73,0.7,0.69,0.73,0.73
Melton,E07000133,0.76,0.78,0.77,0.83,0.74,0.83,0.86,0.82,0.8,0.76,0.81,0.84
North West Leicestershire,E07000134,0.93,0.92,1.05,0.94,0.93,1.01,1,1.07,1.09,1.09,1.13,1.12
Oadby and Wigston,E07000135,0.61,0.59,0.58,0.54,0.56,0.6,0.62,0.63,0.63,0.61,0.62,0.65
Boston,E07000136,0.82,0.84,0.86,0.88,0.83,0.8,0.9,0.94,0.9,0.82,0.82,0.79
East Lindsey,E07000137,0.69,0.73,0.7,0.63,0.66,0.73,0.78,0.74,0.78,0.75,0.77,0.68
Lincoln,E07000138,0.94,0.91,0.89,0.91,0.96,0.97,0.93,0.93,0.95,0.9,0.89,0.88
North Kesteven,E07000139,0.68,0.73,0.67,0.65,0.71,0.72,0.75,0.74,0.73,0.77,0.74,0.76
South Holland,E07000140,0.71,0.8,0.76,0.77,0.74,0.78,0.81,0.79,0.76,0.81,0.79,0.81
South Kesteven,E07000141,0.75,0.75,0.72,0.73,0.75,0.73,0.74,0.84,0.78,0.79,0.82,0.79
West Lindsey,E07000142,0.49,0.55,0.55,0.55,0.56,0.55,0.6,0.58,0.56,0.61,0.6,0.62
Ashfield,E07000170,0.66,0.64,0.66,0.68,0.71,0.74,0.75,0.74,0.75,0.76,0.68,0.73
Bassetlaw,E07000171,0.66,0.72,0.72,0.72,0.77,0.75,0.8,0.82,0.83,0.85,0.82,0.8
Broxtowe,E07000172,0.62,0.59,0.57,0.56,0.56,0.58,0.61,0.69,0.61,0.6,0.56,0.65
Gedling,E07000173,0.44,0.45,0.45,0.47,0.51,0.52,0.5,0.56,0.48,0.47,0.49,0.5
Mansfield,E07000174,0.62,0.62,0.58,0.56,0.63,0.67,0.67,0.67,0.66,0.66,0.7,0.61
Newark and Sherwood,E07000175,0.7,0.74,0.69,0.72,0.78,0.76,0.77,0.8,0.81,0.8,0.82,0.76
Rushcliffe,E07000176,0.63,0.64,0.65,0.64,0.66,0.67,0.73,0.69,0.72,0.72,0.69,0.71
North Northamptonshire,E06000061,0.68,0.72,0.73,0.73,0.74,0.75,0.8,0.8,0.78,0.86,0.84,0.77
West Northamptonshire,E06000062,0.88,0.89,0.9,0.9,0.91,0.91,0.94,0.98,0.99,0.98,0.95,0.96
"Herefordshire, County of",E06000019,0.81,0.82,0.85,0.88,0.83,0.84,0.91,0.94,0.93,0.95,0.92,0.98
Shropshire,E06000051,0.75,0.75,0.75,0.76,0.79,0.79,0.83,0.85,0.83,0.86,0.82,0.85
Stoke-on-Trent,E06000021,0.75,0.73,0.75,0.77,0.76,0.79,0.81,0.83,0.84,0.84,0.83,0.87
Telford and Wrekin,E06000020,0.8,0.79,0.81,0.81,0.85,0.86,0.86,0.88,0.86,0.89,0.86,0.85
Cannock Chase,E07000192,0.6,0.62,0.66,0.66,0.65,0.7,0.77,0.74,0.77,0.76,0.67,0.76
East Staffordshire,E07000193,0.87,0.88,0.84,0.86,0.89,0.97,0.92,0.93,0.95,0.89,0.99,0.88
Lichfield,E07000194,0.73,0.75,0.82,0.82,0.82,0.87,0.91,0.88,0.89,0.93,0.88,0.91
Newcastle-under-Lyme,E07000195,0.6,0.58,0.61,0.66,0.63,0.63,0.64,0.66,0.67,0.6,0.62,0.65
South Staffordshire,E07000196,0.52,0.53,0.52,0.57,0.51,0.59,0.61,0.64,0.57,0.61,0.62,0.62
Stafford,E07000197,0.82,0.81,0.83,0.82,0.79,0.8,0.88,0.93,0.89,0.84,0.8,0.91
Staffordshire Moorlands,E07000198,0.63,0.55,0.57,0.58,0.63,0.6,0.61,0.58,0.62,0.68,0.71,0.7
Tamworth,E07000199,0.6,0.61,0.67,0.7,0.69,0.76,0.66,0.67,0.73,0.76,0.7,0.65
North Warwickshire,E07000218,1.03,1.12,1.07,0.99,1.17,1.22,1.26,1.35,1.36,1.34,1.25,1.16
Nuneaton and Bedworth,E07000219,0.56,0.61,0.57,0.61,0.6,0.65,0.64,0.67,0.69,0.68,0.63,0.65
Rugby,E07000220,0.75,0.79,0.82,0.83,0.83,0.8,0.83,0.89,0.82,0.84,0.84,0.77
Stratford-on-Avon,E07000221,0.93,0.96,0.98,1.01,1.08,1.09,1.11,1.21,1.12,1.17,1.07,1.03
Warwick,E07000222,0.96,1,0.98,0.98,1.09,1.04,1.09,1.13,1.11,1.09,1.1,1.05
Birmingham,E08000025,0.74,0.76,0.75,0.77,0.78,0.79,0.79,0.81,0.8,0.82,0.81,0.8
Coventry,E08000026,0.76,0.75,0.75,0.78,0.78,0.77,0.72,0.75,0.73,0.73,0.71,0.82
Dudley,E08000027,0.65,0.64,0.64,0.63,0.64,0.66,0.66,0.69,0.68,0.68,0.65,0.69
Sandwell,E08000028,0.67,0.64,0.67,0.67,0.7,0.72,0.7,0.71,0.67,0.67,0.63,0.62
Solihull,E08000029,0.79,0.84,0.89,0.87,0.9,0.96,1.01,1.04,1.21,1.2,1.17,1.2
Walsall,E08000030,0.63,0.61,0.63,0.64,0.65,0.71,0.69,0.73,0.7,0.68,0.66,0.66
Wolverhampton,E08000031,0.78,0.79,0.77,0.77,0.7,0.71,0.71,0.71,0.74,0.73,0.72,0.72
Bromsgrove,E07000234,0.65,0.63,0.69,0.71,0.69,0.71,0.91,1.16,0.98,0.91,0.94,0.79
Malvern Hills,E07000235,0.73,0.71,0.75,0.71,0.74,0.74,0.77,0.76,0.8,0.84,0.77,0.79
Redditch,E07000236,0.69,0.73,0.72,0.75,0.79,0.78,0.74,0.8,0.83,0.87,0.8,0.76
Worcester,E07000237,0.88,0.88,0.86,0.87,0.87,0.9,0.89,0.91,0.93,0.95,0.97,0.94
Wychavon,E07000238,0.76,0.76,0.81,0.79,0.86,0.88,0.89,0.91,0.84,0.85,0.83,0.78
Wyre Forest,E07000239,0.59,0.64,0.63,0.6,0.59,0.64,0.69,0.7,0.73,0.73,0.74,0.73
Bedford,E06000055,0.77,0.79,0.78,0.78,0.8,0.8,0.82,0.81,0.82,0.84,0.85,0.78
Central Bedfordshire,E06000056,0.66,0.66,0.62,0.65,0.66,0.65,0.61,0.59,0.7,0.71,0.64,0.64
Luton,E06000032,0.7,0.71,0.68,0.71,0.75,0.72,0.76,0.78,0.78,0.78,0.77,0.73
Peterborough,E06000031,0.9,0.87,0.89,0.9,0.95,0.99,1.02,1.06,1.03,0.99,1.05,0.93
Southend-on-Sea,E06000033,0.67,0.67,0.68,0.67,0.68,0.69,0.71,0.72,0.75,0.72,0.72,0.73
Thurrock,E06000034,0.63,0.64,0.63,0.65,0.64,0.68,0.7,0.7,0.71,0.7,0.74,0.75
Cambridge,E07000008,1.07,1.08,1.12,1.22,1.27,1.28,1.3,1.33,1.38,1.41,1.4,1.1
East Cambridgeshire,E07000009,0.54,0.55,0.61,0.69,0.69,0.69,0.78,0.75,0.72,0.74,0.76,0.73
Fenland,E07000010,0.57,0.59,0.61,0.64,0.59,0.62,0.73,0.71,0.7,0.68,0.74,0.73
Huntingdonshire,E07000011,0.77,0.74,0.74,0.75,0.77,0.79,0.8,0.75,0.78,0.83,0.79,0.78
South Cambridgeshire,E07000012,0.86,0.83,0.78,0.8,0.89,0.91,0.95,1.02,0.98,1.03,0.99,0.99
Basildon,E07000066,0.74,0.77,0.78,0.77,0.82,0.82,0.87,0.84,0.84,0.86,0.82,0.84
Braintree,E07000067,0.58,0.6,0.61,0.6,0.65,0.68,0.75,0.76,0.72,0.73,0.73,0.69
Brentwood,E07000068,0.77,0.78,0.84,0.89,0.82,0.89,0.95,0.83,0.89,0.9,0.89,0.82
Castle Point,E07000069,0.48,0.48,0.54,0.46,0.48,0.52,0.5,0.5,0.56,0.55,0.58,0.5
Chelmsford,E07000070,0.86,0.89,0.87,0.85,0.85,0.88,0.91,0.95,0.94,0.94,0.9,0.89
Colchester,E07000071,0.78,0.79,0.81,0.79,0.83,0.83,0.83,0.84,0.79,0.79,0.74,0.77
Epping Forest,E07000072,0.65,0.67,0.71,0.69,0.66,0.69,0.76,0.77,0.8,0.81,0.8,0.78
Harlow,E07000073,0.8,0.82,0.9,0.84,0.82,0.85,0.91,0.89,0.88,0.84,0.81,0.81
Maldon,E07000074,0.63,0.57,0.7,0.65,0.67,0.74,0.67,0.71,0.73,0.68,0.68,0.67
Rochford,E07000075,0.5,0.56,0.6,0.62,0.52,0.58,0.54,0.6,0.56,0.59,0.54,0.56
Tendring,E07000076,0.58,0.6,0.63,0.58,0.59,0.57,0.61,0.6,0.63,0.66,0.65,0.66
Uttlesford,E07000077,0.81,0.84,0.9,0.83,0.83,0.88,0.96,1,1.02,1.01,1.01,1
Broxbourne,E07000095,0.72,0.74,0.74,0.8,0.75,0.75,0.73,0.71,0.68,0.67,0.73,0.65
Dacorum,E07000096,0.7,0.76,0.74,0.73,0.76,0.79,0.84,0.84,0.83,1.16,1.2,1.38
East Hertfordshire,E07000242,0.7,0.7,0.71,0.77,0.82,0.81,0.83,0.93,1.02,0.9,0.89,0.84
Hertsmere,E07000098,0.83,0.81,0.86,0.84,0.85,0.94,0.98,0.97,0.98,1.03,0.98,1.02
North Hertfordshire,E07000099,0.66,0.66,0.65,0.69,0.73,0.73,0.8,0.73,0.78,0.8,0.8,0.78
St Albans,E07000240,0.83,0.87,0.89,0.9,0.93,0.98,0.9,0.96,1.01,0.97,0.92,0.94
Stevenage,E07000243,0.86,0.85,0.86,0.81,0.85,0.87,0.88,0.91,0.93,0.96,0.93,0.91
Three Rivers,E07000102,0.67,0.67,0.71,0.69,0.82,0.88,0.82,0.9,0.91,0.94,0.87,0.86
Watford,E07000103,1.22,1.23,1.24,1.32,1.39,1.44,1.65,1.68,1.56,1.16,1.28,1.22
Welwyn Hatfield,E07000241,1.01,1.02,1.08,1.11,1.12,1.03,1.09,1.24,1.25,1.29,1.15,1.23
Breckland,E07000143,0.59,0.64,0.65,0.62,0.68,0.7,0.7,0.68,0.7,0.69,0.7,0.67
Broadland,E07000144,0.65,0.67,0.75,0.73,0.71,0.72,0.78,0.82,0.77,0.78,0.68,0.7
Great Yarmouth,E07000145,0.77,0.7,0.74,0.75,0.74,0.71,0.77,0.72,0.7,0.76,0.78,0.74
King's Lynn and West Norfolk,E07000146,0.72,0.71,0.77,0.69,0.76,0.77,0.77,0.85,0.8,0.78,0.81,0.8
North Norfolk,E07000147,0.68,0.69,0.73,0.72,0.71,0.75,0.81,0.73,0.78,0.78,0.85,0.78
Norwich,E07000148,1.01,1.03,1.06,1.04,1.06,1.06,1.1,1.07,1.1,1.11,1.01,0.99
South Norfolk,E07000149,0.69,0.75,0.77,0.77,0.75,0.82,0.79,0.8,0.82,0.78,0.75,0.77
Babergh,E07000200,0.66,0.7,0.71,0.72,0.71,0.75,0.72,0.74,0.71,0.69,0.75,0.73
Ipswich,E07000202,0.83,0.86,0.83,0.85,0.84,0.87,0.91,0.92,0.95,0.93,0.95,0.91
Mid Suffolk,E07000203,0.75,0.73,0.73,0.76,0.76,0.78,0.73,0.77,0.78,0.79,0.81,0.81
East Suffolk,E07000244,0.74,0.78,0.77,0.74,0.79,0.78,0.78,0.8,0.83,0.79,0.79,0.8
West Suffolk,E07000245,0.89,0.88,0.87,0.9,0.91,0.89,0.94,0.99,1.02,1.05,1.04,1.02
Camden,E09000007,1.97,2.06,2.12,2.15,2.25,2.21,2.23,2.23,2.17,2.11,1.98,2.73
City of London,E09000001,68.16,75.79,92.41,110.98,121.23,121.73,121.96,124.78,109.86,102.32,83.73,98.63
Hackney,E09000012,0.58,0.63,0.62,0.6,0.69,0.7,0.73,0.7,0.75,0.77,0.76,0.92
Hammersmith and Fulham,E09000013,1.03,1.03,1.09,1.05,1.12,1.16,1.2,1.21,1.17,1.22,1.28,1.12
Haringey,E09000014,0.4,0.41,0.44,0.46,0.48,0.49,0.48,0.49,0.48,0.48,0.51,0.49
Islington,E09000019,1.32,1.29,1.3,1.36,1.39,1.46,1.44,1.4,1.42,1.44,1.32,1.63
Kensington and Chelsea,E09000020,1.11,1.2,1.28,1.27,1.28,1.36,1.42,1.56,1.55,1.54,1.41,1.54
Lambeth,E09000022,0.68,0.66,0.66,0.72,0.76,0.77,0.73,0.78,0.73,0.76,0.73,0.73
Lewisham,E09000023,0.38,0.39,0.4,0.41,0.43,0.4,0.4,0.42,0.39,0.4,0.39,0.42
Newham,E09000025,0.38,0.41,0.44,0.46,0.48,0.48,0.52,0.51,0.56,0.53,0.55,0.58
Southwark,E09000028,1.09,1.16,1.25,1.17,1.27,1.28,1.34,1.38,1.42,1.38,1.34,1.32
Tower Hamlets,E09000030,1.22,1.32,1.3,1.33,1.32,1.37,1.37,1.4,1.43,1.43,1.32,1.31
Wandsworth,E09000032,0.52,0.55,0.59,0.58,0.57,0.61,0.62,0.64,0.62,0.64,0.62,0.61
Westminster,E09000033,4,4.16,4.26,4.39,4.45,4.42,4.42,4.33,4.29,4.35,3.93,5.25
Barking and Dagenham,E09000002,0.44,0.45,0.46,0.44,0.47,0.48,0.48,0.49,0.49,0.5,0.52,0.5
Barnet,E09000003,0.61,0.62,0.65,0.66,0.68,0.68,0.68,0.7,0.67,0.66,0.64,0.7
Bexley,E09000004,0.53,0.53,0.53,0.54,0.53,0.57,0.56,0.59,0.56,0.59,0.54,0.55
Brent,E09000005,0.54,0.53,0.57,0.57,0.6,0.62,0.67,0.71,0.71,0.71,0.69,0.62
Bromley,E09000006,0.61,0.61,0.62,0.64,0.63,0.61,0.65,0.65,0.62,0.64,0.62,0.6
Croydon,E09000008,0.58,0.56,0.58,0.53,0.58,0.58,0.6,0.63,0.6,0.58,0.58,0.55
Ealing,E09000009,0.55,0.63,0.64,0.65,0.69,0.71,0.73,0.74,0.66,0.71,0.72,0.63
Enfield,E09000010,0.56,0.54,0.57,0.57,0.61,0.63,0.6,0.59,0.62,0.63,0.59,0.58
Greenwich,E09000011,0.49,0.47,0.46,0.48,0.52,0.51,0.51,0.53,0.55,0.55,0.52,0.51
Harrow,E09000015,0.5,0.48,0.5,0.5,0.56,0.55,0.58,0.61,0.57,0.57,0.57,0.5
Havering,E09000016,0.55,0.55,0.56,0.6,0.59,0.6,0.64,0.65,0.65,0.61,0.59,0.64
Hillingdon,E09000017,1.08,1.11,1.15,1.14,1.15,1.04,1.04,1.1,1.06,1.04,1.03,1.01
Hounslow,E09000018,0.83,0.85,0.9,0.94,0.91,1.04,1.1,1.04,1,1.04,0.95,0.86
Kingston upon Thames,E09000021,0.78,0.73,0.73,0.72,0.73,0.82,0.86,0.86,0.83,0.78,0.76,0.8
Merton,E09000024,0.57,0.62,0.65,0.69,0.7,0.7,0.68,0.76,0.77,0.73,0.71,0.63
Redbridge,E09000026,0.43,0.42,0.47,0.45,0.47,0.47,0.48,0.5,0.47,0.49,0.46,0.46
Richmond upon Thames,E09000027,0.68,0.76,0.74,0.76,0.76,0.82,0.87,0.85,0.89,0.82,0.8,0.78
Sutton,E09000029,0.59,0.62,0.63,0.61,0.61,0.62,0.65,0.66,0.6,0.64,0.63,0.71
Waltham Forest,E09000031,0.38,0.4,0.43,0.45,0.46,0.47,0.46,0.47,0.47,0.49,0.46,0.43
Bracknell Forest,E06000036,0.9,0.88,0.86,0.85,0.89,0.91,0.92,0.91,0.9,0.89,0.87,0.83
Brighton and Hove,E06000043,0.73,0.76,0.78,0.79,0.81,0.83,0.86,0.85,0.84,0.83,0.79,0.88
Isle of Wight,E06000046,0.68,0.72,0.72,0.75,0.72,0.77,0.79,0.78,0.79,0.8,0.76,0.77
Medway,E06000035,0.56,0.55,0.57,0.56,0.56,0.58,0.61,0.62,0.63,0.61,0.64,0.64
Milton Keynes,E06000042,0.95,0.96,0.97,1.03,1.03,1.11,1.19,1.16,1.17,1.21,1.13,1.06
Portsmouth,E06000044,0.88,0.88,0.88,0.88,0.87,0.86,0.89,0.88,0.88,0.89,0.85,0.9
Reading,E06000038,0.94,0.98,1,1.01,1.04,1.08,1.08,1.1,1.09,1.16,1.15,1.1
Slough,E06000039,0.93,0.92,0.93,0.95,0.92,0.93,0.96,0.97,1.03,0.99,0.97,0.9
Southampton,E06000045,0.75,0.72,0.74,0.77,0.79,0.8,0.77,0.76,0.75,0.77,0.75,0.78
West Berkshire,E06000037,1.01,1.01,1.05,1.02,1.06,1.09,1.14,1.11,1.17,1.2,1.12,1.06
Windsor and Maidenhead,E06000040,0.91,0.97,0.93,0.97,0.98,0.99,1.05,1.01,1.07,1.06,1.01,0.94
Wokingham,E06000041,0.78,0.81,0.81,0.84,0.85,0.89,0.93,0.94,0.9,0.95,0.89,0.9
Buckinghamshire,E06000060,0.76,0.77,0.8,0.79,0.83,0.84,0.88,0.87,0.86,0.89,0.86,0.84
Eastbourne,E07000061,0.77,0.71,0.77,0.8,0.78,0.83,0.77,0.87,0.84,0.78,0.79,0.81
Hastings,E07000062,0.61,0.64,0.65,0.64,0.61,0.65,0.67,0.7,0.66,0.77,0.67,0.7
Lewes,E07000063,0.72,0.61,0.67,0.71,0.68,0.8,0.81,0.7,0.79,0.83,0.78,0.86
Rother,E07000064,0.67,0.63,0.65,0.7,0.7,0.75,0.72,0.71,0.67,0.75,0.68,0.77
Wealden,E07000065,0.67,0.64,0.7,0.7,0.67,0.72,0.75,0.74,0.73,0.79,0.68,0.67
Basingstoke and Deane,E07000084,0.83,0.87,0.83,0.85,0.8,0.84,0.87,0.83,0.86,0.89,0.85,0.83
East Hampshire,E07000085,0.82,0.8,0.79,0.71,0.77,0.84,0.76,0.72,0.81,0.82,0.76,0.65
Eastleigh,E07000086,0.81,0.85,0.85,0.83,0.83,0.91,0.94,0.93,0.9,0.91,0.84,0.84
Fareham,E07000087,0.81,0.84,0.83,0.82,0.83,0.85,0.88,0.83,0.8,0.83,0.87,0.84
Gosport,E07000088,0.49,0.48,0.45,0.49,0.51,0.53,0.47,0.51,0.5,0.52,0.47,0.49
Hart,E07000089,0.72,0.78,0.82,0.86,0.89,0.92,0.85,0.86,0.81,0.73,0.71,0.65
Havant,E07000090,0.66,0.65,0.64,0.73,0.74,0.69,0.66,0.65,0.64,0.69,0.67,0.63
New Forest,E07000091,0.78,0.76,0.76,0.79,0.78,0.83,0.84,0.82,0.84,0.84,0.8,0.81
Rushmoor,E07000092,0.8,0.8,0.82,0.84,0.84,0.92,0.96,0.91,0.96,0.95,0.95,0.85
Test Valley,E07000093,0.8,0.85,0.87,0.87,0.95,1.05,1.03,0.89,0.95,0.96,0.97,0.92
Winchester,E07000094,1.13,1.14,1.23,1.25,1.24,1.29,1.26,1.27,1.29,1.35,1.25,1.26
Ashford,E07000105,0.8,0.81,0.8,0.83,0.81,0.89,0.93,0.95,0.97,0.97,0.87,0.89
Canterbury,E07000106,0.76,0.76,0.71,0.72,0.76,0.77,0.8,0.8,0.8,0.82,0.76,0.85
Dartford,E07000107,0.91,0.91,0.96,0.99,1.01,1.04,1.1,0.97,0.96,0.95,1.1,0.99
Dover,E07000108,0.57,0.54,0.55,0.61,0.59,0.59,0.62,0.63,0.61,0.62,0.6,0.66
Gravesham,E07000109,0.51,0.51,0.5,0.48,0.49,0.5,0.59,0.62,0.57,0.56,0.57,0.57
Maidstone,E07000110,0.85,0.85,0.84,0.85,0.88,0.89,0.87,0.84,0.91,0.87,0.84,0.8
Sevenoaks,E07000111,0.76,0.78,0.78,0.81,0.78,0.83,0.87,0.93,0.85,0.91,0.83,0.88
Folkestone and Hythe,E07000112,0.67,0.73,0.71,0.72,0.76,0.73,0.7,0.68,0.62,0.71,0.71,0.71
Swale,E07000113,0.62,0.62,0.61,0.63,0.61,0.66,0.67,0.64,0.71,0.7,0.62,0.65
Thanet,E07000114,0.59,0.6,0.6,0.64,0.57,0.59,0.68,0.7,0.66,0.7,0.66,0.69
Tonbridge and Malling,E07000115,0.83,0.88,0.8,0.85,0.88,0.87,0.9,0.83,0.87,0.94,0.94,0.98
Tunbridge Wells,E07000116,0.75,0.82,0.78,0.8,0.91,1.02,0.92,0.9,0.86,0.91,0.92,1.01
Cherwell,E07000177,0.82,0.83,0.85,0.91,0.89,0.9,0.93,0.94,0.93,1.02,1.02,0.9
Oxford,E07000178,1.06,1.09,1.09,1.11,1.21,1.22,1.25,1.23,1.33,1.33,1.26,1.1
South Oxfordshire,E07000179,0.76,0.8,0.82,0.85,0.87,0.88,0.93,0.91,0.85,0.88,0.85,0.78
Vale of White Horse,E07000180,0.85,0.83,0.87,0.87,0.9,0.93,0.95,0.93,0.89,0.97,0.93,0.88
West Oxfordshire,E07000181,0.73,0.78,0.78,0.86,0.81,0.87,0.94,0.93,0.86,0.87,0.88,0.88
Elmbridge,E07000207,0.76,0.82,0.82,0.83,0.85,0.87,0.98,0.86,0.89,0.89,0.85,0.82
Epsom and Ewell,E07000208,0.72,0.77,0.74,0.7,0.74,0.73,0.75,0.7,0.7,0.75,0.76,0.72
Guildford,E07000209,0.96,0.98,0.93,0.98,1.02,1,0.96,0.96,1.01,1.05,0.91,1.06
Mole Valley,E07000210,1.01,1.01,1.05,0.97,0.97,1.01,1.01,0.96,1.07,1.08,0.97,1.03
Reigate and Banstead,E07000211,0.81,0.84,0.84,0.86,0.86,0.9,0.94,0.85,0.87,0.95,0.82,0.9
Runnymede,E07000212,1.12,1.15,1.13,1.03,1.05,1.07,1.13,1.11,1.11,1.18,1.14,1.05
Spelthorne,E07000213,0.73,0.67,0.71,0.68,0.7,0.69,0.71,0.71,0.76,0.82,0.73,0.66
Surrey Heath,E07000214,1.01,0.92,1.04,1.06,1.12,1.13,1.02,1.22,1.16,1.09,1.08,1.04
Tandridge,E07000215,0.73,0.74,0.77,0.81,0.83,0.78,0.75,0.73,0.84,0.9,0.69,0.75
Waverley,E07000216,0.8,0.82,0.79,0.83,0.86,0.95,0.95,0.92,0.86,0.87,0.93,0.82
Woking,E07000217,0.82,0.83,0.85,0.82,0.9,0.89,0.89,0.86,0.92,0.94,0.9,0.75
Adur,E07000223,0.54,0.56,0.63,0.62,0.57,0.66,0.62,0.58,0.67,0.71,0.71,0.64
Arun,E07000224,0.56,0.57,0.62,0.58,0.62,0.63,0.62,0.61,0.69,0.64,0.61,0.62
Chichester,E07000225,1.06,1.05,1.03,1.06,1.11,1.13,1.16,1.17,1.12,1.19,1.15,1.07
Crawley,E07000226,1.29,1.18,1.2,1.24,1.27,1.35,1.35,1.37,1.39,1.42,1.37,1.15
Horsham,E07000227,0.79,0.78,0.71,0.79,0.74,0.76,0.83,0.85,0.76,0.83,0.76,0.73
Mid Sussex,E07000228,0.71,0.74,0.77,0.76,0.77,0.79,0.82,0.82,0.75,0.8,0.79,0.73
Worthing,E07000229,0.76,0.83,0.86,0.88,0.85,0.85,0.88,0.83,0.89,0.89,0.87,0.88
Bath and North East Somerset,E06000022,0.86,0.86,0.88,0.84,0.87,0.86,0.84,0.86,0.84,0.87,0.87,0.9
"Bristol, City of",E06000023,0.91,0.92,0.91,0.93,0.97,0.98,0.97,1.01,0.98,1.03,0.99,0.99
Cornwall,E06000052,0.79,0.79,0.78,0.79,0.82,0.82,0.84,0.87,0.86,0.85,0.85,0.86
Isles of Scilly,E06000053,0.81,0.9,0.82,0.86,2.09,2.01,0.84,0.89,0.92,1.02,0.84,0.85
North Somerset,E06000024,0.71,0.74,0.71,0.71,0.74,0.76,0.81,0.81,0.82,0.82,0.82,0.82
Plymouth,E06000026,0.74,0.75,0.77,0.76,0.78,0.8,0.78,0.79,0.77,0.81,0.8,0.8
South Gloucestershire,E06000025,0.92,0.93,0.87,0.89,0.93,0.92,0.95,0.92,0.95,1.04,0.96,0.95
Swindon,E06000030,0.86,0.86,0.83,0.86,0.88,0.9,0.93,0.91,0.91,0.91,0.9,0.84
Torbay,E06000027,0.7,0.73,0.76,0.75,0.75,0.75,0.74,0.77,0.74,0.76,0.74,0.74
Wiltshire,E06000054,0.79,0.78,0.72,0.76,0.85,0.85,0.89,0.87,0.88,0.92,0.91,0.83
East Devon,E07000040,0.75,0.78,0.75,0.73,0.79,0.89,0.84,0.8,0.84,0.82,0.78,0.74
Exeter,E07000041,1.27,1.08,1.09,1.15,1.21,1.19,1.18,1.19,1.23,1.22,1.14,1.23
Mid Devon,E07000042,0.61,0.67,0.65,0.65,0.75,0.78,0.81,0.79,0.68,0.7,0.71,0.65
North Devon,E07000043,0.92,0.89,0.9,0.95,0.96,1.05,0.94,1.13,1.08,1.08,0.92,0.98
South Hams,E07000044,0.9,0.94,0.97,0.88,0.9,0.93,0.94,1,1.05,0.96,1.04,1.01
Teignbridge,E07000045,0.66,0.73,0.75,0.73,0.7,0.75,0.76,0.78,0.73,0.76,0.75,0.8
Torridge,E07000046,0.63,0.61,0.66,0.71,0.61,0.64,0.7,0.68,0.7,0.79,0.81,0.74
West Devon,E07000047,0.71,0.55,0.69,0.68,0.7,0.77,0.74,0.77,0.68,0.65,0.75,0.77
"Bournemouth, Christchurch and Poole",E06000058,0.81,0.79,0.81,0.84,0.86,0.85,0.87,0.89,0.92,0.93,0.89,0.89
Dorset,E06000059,0.79,0.79,0.8,0.82,0.83,0.83,0.86,0.86,0.88,0.88,0.85,0.87
Cheltenham,E07000078,0.94,0.94,0.95,0.97,1,1.02,0.91,1.01,0.96,1.03,1.05,0.98
Cotswold,E07000079,0.86,0.9,0.94,1.01,1.01,1.01,1.08,1.02,1.09,1.09,1.06,1.03
Forest of Dean,E07000080,0.56,0.65,0.62,0.59,0.61,0.63,0.6,0.55,0.64,0.64,0.58,0.59
Gloucester,E07000081,0.91,0.83,0.83,0.82,0.84,0.85,0.83,0.85,0.89,0.94,0.9,0.89
Stroud,E07000082,0.81,0.82,0.86,0.83,0.85,0.86,0.86,0.85,0.89,0.86,0.82,0.78
Tewkesbury,E07000083,0.84,0.87,0.88,0.88,0.95,0.95,1.01,0.99,1.01,1.03,0.92,0.93
Mendip,E07000187,0.73,0.71,0.74,0.8,0.78,0.85,0.87,0.9,0.9,0.87,0.78,0.84
Sedgemoor,E07000188,0.65,0.63,0.65,0.69,0.74,0.71,0.71,0.76,0.83,0.82,0.79,0.72
South Somerset,E07000189,0.82,0.87,0.82,0.85,0.83,0.86,0.87,0.88,0.88,0.85,0.84,0.84
Somerset West and Taunton,E07000246,0.92,0.89,0.85,0.92,0.93,0.93,0.94,0.94,0.93,0.99,0.99,0.86
Isle of Anglesey,W06000001,0.58,0.59,0.62,0.6,0.62,0.64,0.67,0.65,0.7,0.69,0.68,0.67
Gwynedd,W06000002,0.79,0.79,0.84,0.88,0.84,0.9,0.92,0.9,0.91,0.88,0.87,0.87
Conwy,W06000003,0.66,0.67,0.7,0.72,0.71,0.76,0.81,0.78,0.76,0.75,0.78,0.74
Denbighshire,W06000004,0.74,0.75,0.77,0.8,0.77,0.8,0.83,0.85,0.89,0.86,0.86,0.85
Flintshire,W06000005,0.73,0.79,0.8,0.8,0.84,0.86,0.88,0.85,0.89,0.9,0.87,0.86
Wrexham,W06000006,0.69,0.71,0.72,0.74,0.74,0.73,0.75,0.78,0.82,0.83,0.85,0.84
Powys,W06000023,0.77,0.81,0.83,0.86,0.83,0.9,0.94,0.89,0.93,0.91,0.88,0.86
Ceredigion,W06000008,0.74,0.73,0.7,0.74,0.72,0.8,0.87,0.79,0.81,0.85,0.82,0.84
Pembrokeshire,W06000009,0.72,0.75,0.77,0.77,0.76,0.76,0.82,0.77,0.81,0.82,0.8,0.79
Carmarthenshire,W06000010,0.64,0.66,0.67,0.7,0.7,0.73,0.76,0.76,0.73,0.74,0.72,0.73
Swansea,W06000011,0.75,0.74,0.72,0.76,0.79,0.78,0.79,0.79,0.8,0.8,0.78,0.79
Neath Port Talbot,W06000012,0.53,0.56,0.58,0.58,0.58,0.6,0.64,0.6,0.6,0.64,0.62,0.64
Bridgend,W06000013,0.67,0.68,0.68,0.7,0.73,0.76,0.71,0.71,0.73,0.68,0.67,0.71
Vale of Glamorgan,W06000014,0.56,0.56,0.57,0.58,0.6,0.6,0.6,0.63,0.63,0.6,0.58,0.6
Cardiff,W06000015,0.9,0.91,0.89,0.9,0.9,0.92,0.95,0.97,0.98,0.98,0.96,1
Rhondda Cynon Taff,W06000016,0.53,0.54,0.56,0.57,0.56,0.58,0.55,0.56,0.58,0.56,0.56,0.59
Merthyr Tydfil,W06000024,0.64,0.64,0.64,0.62,0.63,0.62,0.64,0.64,0.67,0.67,0.73,0.69
Caerphilly,W06000018,0.49,0.5,0.5,0.54,0.53,0.55,0.56,0.53,0.54,0.58,0.55,0.6
Blaenau Gwent,W06000019,0.48,0.44,0.48,0.47,0.48,0.48,0.49,0.49,0.5,0.5,0.47,0.49
Torfaen,W06000020,0.65,0.65,0.67,0.7,0.69,0.67,0.7,0.71,0.68,0.7,0.71,0.7
Monmouthshire,W06000021,0.71,0.71,0.73,0.73,0.74,0.78,0.81,0.84,0.84,0.82,0.76,0.78
Newport,W06000022,0.85,0.86,0.82,0.81,0.8,0.84,0.88,0.89,0.93,0.91,0.88,0.84
Aberdeen City,S12000033,1.19,1.18,1.2,1.21,1.26,1.22,1.19,1.18,1.22,1.22,1.1,1.12
Aberdeenshire,S12000034,0.65,0.72,0.7,0.69,0.7,0.72,0.74,0.78,0.74,0.74,0.73,0.74
Angus,S12000041,0.59,0.6,0.58,0.59,0.57,0.59,0.63,0.64,0.64,0.64,0.59,0.59
Argyll and Bute,S12000035,0.87,0.85,0.91,0.86,0.87,0.89,0.94,0.91,0.95,1,0.92,0.91
Clackmannanshire,S12000005,0.47,0.47,0.47,0.48,0.51,0.5,0.52,0.48,0.53,0.49,0.51,0.54
Dumfries and Galloway,S12000006,0.73,0.75,0.74,0.77,0.77,0.79,0.85,0.86,0.89,0.86,0.8,0.82
Dundee City,S12000042,0.81,0.79,0.78,0.78,0.81,0.81,0.86,0.85,0.84,0.85,0.83,0.87
East Ayrshire,S12000008,0.57,0.58,0.56,0.55,0.58,0.59,0.63,0.67,0.62,0.62,0.61,0.63
East Dunbartonshire,S12000045,0.4,0.41,0.43,0.45,0.46,0.46,0.48,0.48,0.47,0.46,0.44,0.46
East Lothian,S12000010,0.49,0.51,0.5,0.52,0.54,0.54,0.54,0.56,0.59,0.55,0.58,0.62
East Renfrewshire,S12000011,0.38,0.41,0.38,0.4,0.42,0.44,0.44,0.43,0.45,0.43,0.42,0.41
City of Edinburgh,S12000036,1.01,1.04,1.07,1.02,1.01,1.02,1.04,1.03,1.07,1.06,1.03,1.08
Na h-Eileanan Siar,S12000013,0.72,0.71,0.72,0.76,0.75,0.8,0.84,0.81,0.89,0.87,0.91,0.93
Falkirk,S12000014,0.6,0.65,0.64,0.69,0.69,0.7,0.72,0.71,0.7,0.71,0.7,0.73
Fife,S12000047,0.6,0.62,0.61,0.62,0.66,0.65,0.69,0.66,0.66,0.66,0.64,0.65
Glasgow City,S12000049,1.02,1.02,1,0.93,1.05,1.04,1.06,1.04,1.04,1.04,1.02,1.04
Highland,S12000017,0.82,0.84,0.81,0.89,0.89,0.87,0.94,0.89,0.92,0.93,0.92,0.89
Inverclyde,S12000018,0.61,0.63,0.58,0.6,0.64,0.66,0.69,0.64,0.63,0.58,0.61,0.61
Midlothian,S12000019,0.55,0.57,0.59,0.62,0.65,0.64,0.64,0.63,0.63,0.62,0.59,0.64
Moray,S12000020,0.71,0.73,0.71,0.69,0.72,0.7,0.75,0.77,0.78,0.78,0.75,0.79
North Ayrshire,S12000021,0.51,0.5,0.49,0.52,0.53,0.55,0.59,0.58,0.57,0.57,0.53,0.56
North Lanarkshire,S12000050,0.6,0.58,0.6,0.6,0.65,0.65,0.65,0.67,0.69,0.66,0.66,0.65
Orkney Islands,S12000023,0.9,0.88,0.88,0.88,0.87,0.91,1,1.06,1.03,1.02,0.98,1.03
Perth and Kinross,S12000048,0.77,0.77,0.76,0.79,0.79,0.79,0.83,0.81,0.82,0.89,0.77,0.84
Renfrewshire,S12000038,0.71,0.69,0.66,0.68,0.72,0.81,0.81,0.82,0.83,0.82,0.81,0.77
Scottish Borders,S12000026,0.7,0.73,0.72,0.75,0.73,0.73,0.78,0.78,0.79,0.81,0.78,0.78
Shetland Islands,S12000027,1.17,0.99,0.93,1.03,1.08,1.15,1.06,1.08,1.11,1.1,1.21,1.12
South Ayrshire,S12000028,0.73,0.74,0.72,0.76,0.74,0.77,0.81,0.79,0.79,0.82,0.76,0.81
South Lanarkshire,S12000029,0.6,0.65,0.64,0.64,0.63,0.65,0.66,0.65,0.65,0.66,0.67,0.67
Stirling,S12000030,0.88,0.79,0.82,0.85,0.83,0.82,0.86,0.89,0.87,0.91,0.86,0.86
West Dunbartonshire,S12000039,0.6,0.58,0.55,0.57,0.61,0.58,0.59,0.6,0.62,0.64,0.6,0.69
West Lothian,S12000040,0.71,0.69,0.71,0.68,0.73,0.72,0.73,0.72,0.74,0.73,0.74,0.73
Antrim and Newtownabbey,N09000001,-,-,-,-,-,-,-,-,-,-,0.8,0.72
"Armagh City, Banbridge and Craigavon",N09000002,-,-,-,-,-,-,-,-,-,-,0.68,0.65
Belfast,N09000003,-,-,-,-,-,-,-,-,-,-,1.19,1.13
Causeway Coast and Glens,N09000004,-,-,-,-,-,-,-,-,-,-,0.57,0.57
Derry City and Strabane,N09000005,-,-,-,-,-,-,-,-,-,-,0.79,0.76
Fermanagh and Omagh,N09000006,-,-,-,-,-,-,-,-,-,-,0.72,0.71
Lisburn and Castlereagh,N09000007,-,-,-,-,-,-,-,-,-,-,0.78,0.76
Mid and East Antrim,N09000008,-,-,-,-,-,-,-,-,-,-,0.65,0.61
Mid Ulster,N09000009,-,-,-,-,-,-,-,-,-,-,0.78,0.75
"Newry, Mourne and Down",N09000010,-,-,-,-,-,-,-,-,-,-,0.63,0.62
Ards and North Down,N09000011,-,-,-,-,-,-,-,-,-,-,0.54,0.51
Column Total,Column Total,0.77,0.78,0.78,0.79,0.81,0.83,0.85,0.86,0.86,0.87,0.84,0.85
,,,,,,,,,,,,,
,,,,,,,,,,,,,
-,These figures are missing.,,,,,,,,,,,,
